{
  "total_trades": 65026,
  "win_rate": 0.18045089656445115,
  "total_return_pct": -13.068007580323853,
  "sharpe_ratio": -0.06898759131779078,
  "max_drawdown_pct": 13.072924488852895,
  "profit_factor": 0.1284376694630789
}