{
  "total_features": 83,
  "feature_statistics": {
    "open": {
      "mean": 1660.0331405058496,
      "std": 8117.090386724033,
      "min": 8.92e-06,
      "max": 51678.13621420001,
      "null_pct": 0.0,
      "unique_values": 589595
    },
    "high": {
      "mean": 1661.7889979901704,
      "std": 8125.825255685199,
      "min": 8.94e-06,
      "max": 51727.041909470005,
      "null_pct": 0.0,
      "unique_values": 589553
    },
    "low": {
      "mean": 1658.2906877160856,
      "std": 8108.421288757371,
      "min": 8.89e-06,
      "max": 51621.18098506001,
      "null_pct": 0.0,
      "unique_values": 589455
    },
    "close": {
      "mean": 1660.041828966533,
      "std": 8117.136934633159,
      "min": 8.9119e-06,
      "max": 51678.13621420001,
      "null_pct": 0.0,
      "unique_values": 589586
    },
    "volume": {
      "mean": 2424704573.24295,
      "std": 17777573031.24306,
      "min": 156.8354,
      "max": 432062269702.20013,
      "null_pct": 0.0,
      "unique_values": 759206
    },
    "rsi": {
      "mean": 50.00373937762112,
      "std": 11.633551884010567,
      "min": 19.66885462639961,
      "max": 81.85089798018923,
      "null_pct": 0.0,
      "unique_values": 750212
    },
    "rsi_oversold": {
      "mean": 0.05050405027771312,
      "std": 0.21898276838992395,
      "min": 0.0,
      "max": 1.0,
      "null_pct": 0.0,
      "unique_values": 2
    },
    "rsi_overbought": {
      "mean": 0.07717325466402435,
      "std": 0.26686632424293066,
      "min": 0.0,
      "max": 1.0,
      "null_pct": 0.0,
      "unique_values": 2
    },
    "sma_20": {
      "mean": 1659.8329747909586,
      "std": 8116.060324413956,
      "min": 8.904483333333334e-06,
      "max": 51658.32696451,
      "null_pct": 0.0,
      "unique_values": 687277
    },
    "ema_20": {
      "mean": 1659.8234709946228,
      "std": 8115.983744449814,
      "min": 8.901297863360186e-06,
      "max": 51624.47400446823,
      "null_pct": 0.0,
      "unique_values": 762061
    },
    "price_vs_sma": {
      "mean": 3.710266878156304e-06,
      "std": 0.003592708990440892,
      "min": -0.017715794092163954,
      "max": 0.01673286400214717,
      "null_pct": 0.0,
      "unique_values": 750767
    },
    "ma_trend": {
      "mean": 0.4984677231639363,
      "std": 0.4999979736226296,
      "min": 0.0,
      "max": 1.0,
      "null_pct": 0.0,
      "unique_values": 2
    },
    "bb_position": {
      "mean": 0.5004166985886541,
      "std": 0.324798983307146,
      "min": -0.13960522031695122,
      "max": 1.1500148382675237,
      "null_pct": 0.0,
      "unique_values": 760558
    },
    "bb_width": {
      "mean": 0.968013802050426,
      "std": 0.5118933345039718,
      "min": 0.21030718787699448,
      "max": 5.5744932012950335,
      "null_pct": 0.0,
      "unique_values": 758410
    },
    "bb_squeeze": {
      "mean": 0.22716534572357802,
      "std": 0.41900056944958863,
      "min": 0.0,
      "max": 1.0,
      "null_pct": 0.0,
      "unique_values": 2
    },
    "macd": {
      "mean": 0.05504151291849937,
      "std": 15.662254733100303,
      "min": -202.56220247312268,
      "max": 211.77664780864433,
      "null_pct": 0.0,
      "unique_values": 761312
    },
    "macd_signal": {
      "mean": 0.05442958699080382,
      "std": 14.810121115423078,
      "min": -192.42378545783666,
      "max": 200.02478561227989,
      "null_pct": 0.0,
      "unique_values": 761072
    },
    "macd_cross": {
      "mean": 0.49976916181949355,
      "std": 0.5000002682156517,
      "min": 0.0,
      "max": 1.0,
      "null_pct": 0.0,
      "unique_values": 2
    },
    "volume_sma": {
      "mean": 2490869907.1147113,
      "std": 15620648659.115273,
      "min": 713.6884600000001,
      "max": 286380298655.0255,
      "null_pct": 0.0,
      "unique_values": 761747
    },
    "volume_ratio": {
      "mean": 1.0009812443289603,
      "std": 0.4341822034436101,
      "min": 0.07543656375587285,
      "max": 5.8218764406451795,
      "null_pct": 0.0,
      "unique_values": 762061
    },
    "volume_spike": {
      "mean": 0.016534186555830048,
      "std": 0.12751795223535772,
      "min": 0.0,
      "max": 1.0,
      "null_pct": 0.0,
      "unique_values": 2
    },
    "obv": {
      "mean": 1984077157989.9238,
      "std": 11510837630314.57,
      "min": -1799875017.81,
      "max": 115043703721945.53,
      "null_pct": 0.0,
      "unique_values": 762058
    },
    "obv_trend": {
      "mean": 0.5093601988680571,
      "std": 0.4999127004453242,
      "min": 0.0,
      "max": 1.0,
      "null_pct": 0.0,
      "unique_values": 2
    },
    "volatility_20": {
      "mean": 0.007320435556936383,
      "std": 0.0031194733885348135,
      "min": 0.002719762046131472,
      "max": 0.03502457012427522,
      "null_pct": 0.0,
      "unique_values": 759844
    },
    "atr": {
      "mean": 3.5003083297188797,
      "std": 17.488960848127018,
      "min": 2.0126752650209184e-08,
      "max": 122.9978003880231,
      "null_pct": 0.0,
      "unique_values": 762061
    },
    "atr_ratio": {
      "mean": 0.002236191881123266,
      "std": 0.0010326123199066411,
      "min": 0.0010558860785005683,
      "max": 0.010405696668204806,
      "null_pct": 0.0,
      "unique_values": 762061
    },
    "resistance_20": {
      "mean": 1669.2870552333745,
      "std": 8163.07411347816,
      "min": 9e-06,
      "max": 51922.035063,
      "null_pct": 0.0,
      "unique_values": 173621
    },
    "support_20": {
      "mean": 1650.416372545249,
      "std": 8069.277895412124,
      "min": 8.81e-06,
      "max": 51371.81179664001,
      "null_pct": 0.0,
      "unique_values": 173240
    },
    "resistance_distance": {
      "mean": 0.005733255857600661,
      "std": 0.005093302398362448,
      "min": 0.0,
      "max": 0.049266568791214965,
      "null_pct": 0.0,
      "unique_values": 697872
    },
    "support_distance": {
      "mean": 0.0057512554626670655,
      "std": 0.005039997926815486,
      "min": 0.0,
      "max": 0.0440187714742452,
      "null_pct": 0.0,
      "unique_values": 698587
    },
    "price_range": {
      "mean": 3.4929083658405755,
      "std": 19.29007369784095,
      "min": 9.999999999999904e-09,
      "max": 232.5723669899944,
      "null_pct": 0.0,
      "unique_values": 304170
    },
    "body_size": {
      "mean": 2.161508994866248,
      "std": 13.432053614776827,
      "min": 0.0,
      "max": 191.6535292299979,
      "null_pct": 0.0,
      "unique_values": 282303
    },
    "upper_shadow": {
      "mean": 0.6629019032232217,
      "std": 5.209051455835097,
      "min": 0.0,
      "max": 89.77832918000195,
      "null_pct": 0.0,
      "unique_values": 169940
    },
    "lower_shadow": {
      "mean": 0.6581734323475138,
      "std": 5.186887892582569,
      "min": 0.0,
      "max": 89.56567753999575,
      "null_pct": 0.0,
      "unique_values": 169677
    },
    "body_ratio": {
      "mean": 0.560371725472313,
      "std": 0.27963497946799765,
      "min": 0.0,
      "max": 0.9999998750000156,
      "null_pct": 0.0,
      "unique_values": 623455
    },
    "upper_shadow_ratio": {
      "mean": 0.21196217063920839,
      "std": 0.22465699328240346,
      "min": 0.0,
      "max": 0.99999950000025,
      "null_pct": 0.0,
      "unique_values": 407482
    },
    "lower_shadow_ratio": {
      "mean": 0.2134512512542249,
      "std": 0.22528094276855903,
      "min": 0.0,
      "max": 0.99999950000025,
      "null_pct": 0.0,
      "unique_values": 407890
    },
    "hammer": {
      "mean": 0.05638367234610038,
      "std": 0.23066127169588335,
      "min": 0.0,
      "max": 1.0,
      "null_pct": 0.0,
      "unique_values": 2
    },
    "doji": {
      "mean": 0.07439290844533379,
      "std": 0.2624093980236016,
      "min": 0.0,
      "max": 1.0,
      "null_pct": 0.0,
      "unique_values": 2
    },
    "shooting_star": {
      "mean": 0.055363869130826734,
      "std": 0.22868926162429304,
      "min": 0.0,
      "max": 1.0,