{
  "optimization_timestamp": "2025-08-18T21:47:18.796911",
  "method": "Grid_Search_Multi_Asset",
  "data_summary": {
    "symbols_analyzed": [
      "SOLUSDT",
      "ADAUSDT",
      "XRPUSDT",
      "BNBUSDT",
      "DOGEUSDT"
    ],
    "total_samples": 50000,
    "dip_signals_found": 4883,
    "param_combinations_tested": 320,
    "valid_results": 320
  },
  "current_strategy_baseline": {
    "params": {
      "rsi_range": [
        30,
        50
      ],
      "volume_threshold": 1.5,
      "profit_target": 0.008,
      "stop_loss": 0.004
    },
    "performance": {
      "total_trades": 1641,
      "win_rate": 0.4984765386959171,
      "profit_factor": 1.1024152780254537,
      "total_return": 0.1770734063292192,
      "avg_return": 0.00010790579300988373,
      "max_drawdown": 77.65386312498384,
      "avg_win": 0.002038183314953869,
      "avg_loss": -0.0018488344234529098
    }
  },
  "optimized_strategy": {
    "params": {
      "rsi_range": [
        20,
        45
      ],
      "volume_threshold": 1.8,
      "profit_target": 0.015,
      "stop_loss": 0.003
    },
    "performance": {
      "total_trades": 1455,
      "win_rate": 0.5140893470790378,
      "profit_factor": 1.4176882363867633,
      "total_return": 0.6302809806918519,
      "avg_return": 0.00043318280459921093,
      "max_drawdown": 26.318749727330818,
      "avg_win": 0.002431864530566274,
      "avg_loss": -0.001715373287405081
    },
    "composite_score": 0.4340411233901336
  },
  "top_10_results": [
    {
      "params": {
        "rsi_range": [
          20,
          45
        ],
        "volume_threshold": 1.8,
        "profit_target": 0.015,
        "stop_loss": 0.003
      },
      "metrics": {
        "total_trades": 1455,
        "win_rate": 0.5140893470790378,
        "profit_factor": 1.4176882363867633,
        "total_return": 0.6302809806918519,
        "avg_return": 0.00043318280459921093,
        "max_drawdown": 26.318749727330818,
        "avg_win": 0.002431864530566274,
        "avg_loss": -0.001715373287405081
      },
      "composite_score": 0.4340411233901336
    },
    {
      "params": {
        "rsi_range": [
          25,
          50
        ],
        "volume_threshold": 2.2,
        "profit_target": 0.015,
        "stop_loss": 0.003
      },
      "metrics": {
        "total_trades": 854,
        "win_rate": 0.5245901639344263,
        "profit_factor": 1.3717754735473036,
        "total_return": 0.37006817820190663,
        "avg_return": 0.0004333351032809211,
        "max_drawdown": 0.6088025660014762,
        "avg_win": 0.0023550809758668876,
        "avg_loss": -0.0017168122781615516
      },
      "composite_score": 0.4336806335846851
    },
    {
      "params": {
        "rsi_range": [
          20,
          45
        ],
        "volume_threshold": 1.8,
        "profit_target": 0.012,
        "stop_loss": 0.003
      },
      "metrics": {
        "total_trades": 1455,
        "win_rate": 0.5140893470790378,
        "profit_factor": 1.4105860166011996,
        "total_return": 0.6211681280319776,
        "avg_return": 0.00042691967562335235,
        "max_drawdown": 26.318749727330818,
        "avg_win": 0.002419681572464838,
        "avg_loss": -0.001715373287405081
      },
      "composite_score": 0.43207827561640555
    },
    {
      "params": {
        "rsi_range": [
          25,
          50
        ],
        "volume_threshold": 2.2,
        "profit_target": 0.012,
        "stop_loss": 0.003
      },
      "metrics": {
        "total_trades": 854,
        "win_rate": 0.5245901639344263,
        "profit_factor": 1.3650290031896308,
        "total_return": 0.36487925263325754,
        "avg_return": 0.00042725907802489176,
        "max_drawdown": 0.6088025660014762,
        "avg_win": 0.002343498552722582,
        "avg_loss": -0.0017168122781615516
      },
      "composite_score": 0.431790781497712
    },
    {
      "params": {
        "rsi_range": [
          20,
          45
        ],
        "volume_threshold": 1.8,
        "profit_target": 0.01,
        "stop_loss": 0.003
      },
      "metrics": {
        "total_trades": 1455,
        "win_rate": 0.5140893470790378,
        "profit_factor": 1.3986545258093248,
        "total_return": 0.6058588415156678,
        "avg_return": 0.00041639782922039026,
        "max_drawdown": 26.318749727330818,
        "avg_win": 0.002399214611881536,
        "avg_loss": -0.001715373287405081
      },
      "composite_score": 0.4287807572566257
    },
    {
      "params": {
        "rsi_range": [
          25,
          50
        ],
        "volume_threshold": 2.2,
        "profit_target": 0.01,
        "stop_loss": 0.003
      },
      "metrics": {
        "total_trades": 854,
        "win_rate": 0.5245901639344263,
        "profit_factor": 1.3525273931204698,
        "total_return": 0.35526386551999906,
        "avg_return": 0.0004159998425292729,
        "max_drawdown": 0.6088025660014762,
        "avg_win": 0.0023220356350590584,
        "avg_loss": -0.0017168122781615516
      },
      "composite_score": 0.4282887733916721
    },
    {
      "params": {
        "rsi_range": [
          35,
          60
        ],
        "volume_threshold": 2.2,
        "profit_target": 0.012,
        "stop_loss": 0.003
      },
      "metrics": {
        "total_trades": 432,
        "win_rate": 0.5370370370370371,
        "profit_factor": 1.3220286384135016,
        "total_return": 0.17333139464584715,
        "avg_return": 0.00040123008019872026,
        "max_drawdown": 1.949803024524512,
        "avg_win": 0.0020886675993276736,
        "avg_loss": -0.0015798958801937725
      },
      "composite_score": 0.4272636946959091
    },
    {
      "params": {
        "rsi_range": [
          35,
          60
        ],
        "volume_threshold": 2.2,
        "profit_target": 0.015,
        "stop_loss": 0.003
      },
      "metrics": {
        "total_trades": 432,
        "win_rate": 0.5370370370370371,
        "profit_factor": 1.3220286384135016,
        "total_return": 0.17333139464584715,
        "avg_return": 0.00040123008019872026,
        "max_drawdown": 1.949803024524512,
        "avg_win": 0.0020886675993276736,
        "avg_loss": -0.0015798958801937725
      },
      "composite_score": 0.4272636946959091
    },
    {
      "params": {
        "rsi_range": [
          35,
          60
        ],
        "volume_threshold": 2.2,
        "profit_target": 0.01,
        "stop_loss": 0.003
      },
      "metrics": {
        "total_trades": 432,
        "win_rate": 0.5370370370370371,
        "profit_factor": 1.3174529336386274,
        "total_return": 0.17165423483335598,
        "avg_return": 0.0003973477658179537,
        "max_drawdown": 1.949803024524512,
        "avg_win": 0.002081438462204867,
        "avg_loss": -0.0015798958801937725
      },
      "composite_score": 0.4260296613422683
    },
    {
      "params": {
        "rsi_range": [
          20,
          45
        ],
        "volume_threshold": 2.2,
        "profit_target": 0.015,
        "stop_loss": 0.003
      },
      "metrics": {
        "total_trades": 935,
        "win_rate": 0.5144385026737968,
        "profit_factor": 1.3762818912147772,
        "total_return": 0.38594316026346187,
        "avg_return": 0.0004127734334368576,
        "max_drawdown": 0.7398802491762235,
        "avg_win": 0.00247063889016995,
        "avg_loss": -0.0017951546888328503
      },
      "composite_score": 0.42595827687836796
    }
  ],
  "phase_4_status": "COMPLETED",
  "recommendations": {
    "deploy_optimized_params": "False",
    "performance_improvement": "True"
  }
}